城市,品牌,门店数量,数量风险,平均评分,综合风险评级,投资建议
北京市,蜜雪冰城,200+,高,4.2,高,"市场已极度饱和，竞争惨烈，新店存活率极低，不建议新进入。"
北京市,瑞幸咖啡,200+,高,4.3,高,"同蜜雪冰城，市场红海，需极强的点位和运营能力，风险高。"
北京市,库迪咖啡,200+,高,4.1,高,"数量与瑞幸相当，但评分略低，价格战激烈，投资风险高。"
北京市,茶百道,100+,高,4.2,高,"市场饱和度高，需与蜜雪、喜茶等品牌直接竞争，风险大。"
北京市,星巴克,100+,高,4.5,中高,"虽饱和，但品牌壁垒高，客群稳定。适合有资金实力的投资者。"
北京市,霸王茶姬,100+,高,4.5,中高,"同星巴克，增长迅猛，但竞争激烈，需差异化运营。"
北京市,喜茶,70+,高,4.5,中高,"品牌力强，但门店也很多，需选准高客流位置。"
北京市,奈雪的茶,30+,中,4.4,中,"市场仍有空间，但定位中高端，投资门槛和运营要求高。"
北京市,幸运咖,20+,中,4.1,中,"数量中等但评分偏低，需评估低价策略的可持续性。"
北京市,古茗,1,低,N/A,低,"新进入者，市场处于培育期，机遇与风险并存。"
上海市,蜜雪冰城,200+,高,4.2,高,"竞争极度激烈，一线城市成本高，新店回本周期长，风险高。"
上海市,瑞幸咖啡,200+,高,4.3,高,"同北京，市场高度内卷，新进入者面临巨大挑战。"
上海市,库迪咖啡,200+,高,4.2,高,"与瑞幸正面竞争，价格战环境下利润空间被严重压缩。"
上海市,茶百道,150+,高,4.2,高,"中端市场竞争白热化，加盟商需谨慎评估。"
上海市,星巴克,150+,高,4.4,中高,"品牌护城河宽，但高密度下，新店需有独特优势。"
上海市,霸王茶姬,150+,高,4.4,中高,"扩张迅猛，但已达饱和，未来增长空间有限，竞争加剧。"
上海市,喜茶,100+,高,4.4,中高,"品牌势能强大，但一线城市高昂的租金是主要风险。"
上海市,幸运咖,30+,中,4.0,中,"市场空间有限，且评分偏低，需评估其品牌定位。"
上海市,奈雪的茶,30+,中,4.3,中,"定位高端，门店密度相对较低，可寻找差异化机会。"
上海市,古茗,1,低,N/A,低,"新入上海市场，值得关注，但存在不确定性。"
天津市,蜜雪冰城,150+,高,4.1,高,"门店极多，评分低于平均线，警示口碑和经营可能存在问题。"
天津市,瑞幸咖啡,100+,高,4.3,高,"市场饱和，需与多家品牌竞争，新店突围难度大。"
天津市,库迪咖啡,80+,高,4.2,高,"数量众多，竞争焦点从价格转向服务和点位。"
天津市,霸王茶姬,50+,高,4.3,中高,"扩张较快，已接近饱和，需考虑市场细分。"
天津市,幸运咖,20+,中,4.0,中,"评分偏低，表明消费者接受度可能不如预期。"
天津市,星巴克,20+,中,4.4,中,"市场仍有空间，是相对稳健的选择，但需考虑本地消费力。"
天津市,茶百道,10+,低,4.2,中低,"门店数量不多，存在市场机会，适合早期布局。"
天津市,喜茶,10+,低,4.4,中低,"品牌号召力强，门店少，是进入天津市场的好时机。"
天津市,奈雪的茶,3,低,4.5,低,"高端市场空白，投资回报周期可能较长，但品牌定位清晰。"
天津市,古茗,1,低,N/A,低,"市场观察阶段，风险和机会并存。"
重庆市,蜜雪冰城,200+,高,4.1,高,"竞争强度巨大，且评分低于平均线，需高度警惕。"
重庆市,瑞幸咖啡,200+,高,4.2,高,"市场已完全饱和，新店面临巨大生存压力。"
重庆市,库迪咖啡,200+,高,4.1,高,"同瑞幸，数量庞大，价格战此起彼伏，盈利空间小。"
重庆市,茶百道,100+,高,4.2,高,"中端市场拥挤，建议优先考虑其他有潜力的品牌或区域。"
重庆市,霸王茶姬,100+,高,4.3,中高,"品牌热度高，但门店密度大，竞争激烈。"
重庆市,星巴克,50+,高,4.4,中高,"市场已趋成熟，但凭借品牌力仍可占据一席之地。"
重庆市,幸运咖,30+,中,4.0,中,"低价市场有空间，但需直面蜜雪冰城的压力，且评分是硬伤。"
重庆市,喜茶,20+,中,4.4,中,"门店数量适中，品牌力强，是进入市场的较好选择。"
重庆市,奈雪的茶,10+,低,4.3,中低,"高端市场尚未饱和，有发展潜力，适合布局。"
重庆市,古茗,10+,低,4.1,中低,"门店较少，有增长空间，但需关注其本地化能力。"
广州市,蜜雪冰城,200+,高,4.2,高,"一线城市的激烈竞争环境，新店难有作为。"
广州市,瑞幸咖啡,150+,高,4.3,高,"市场极度饱和，投资回报率可能不理想。"
广州市,库迪咖啡,100+,高,4.2,高,"与瑞幸贴身肉搏，风险较高。"
广州市,茶百道,100+,高,4.2,高,"竞争格局已定，新进入者机会不大。"
广州市,霸王茶姬,80+,高,4.4,中高,"门店较多，品牌是优势，但竞争不容忽视。"
广州市,星巴克,70+,高,4.5,中高,"品牌力强劲，适合作为稳健型投资，但需考虑点位。"
广州市,喜茶,50+,高,4.5,中高,"品牌和口碑俱佳，但一线城市投资成本高。"
广州市,奈雪的茶,40+,中,4.4,中,"高端茶饮市场仍有空间，可考虑差异化切入。"
广州市,幸运咖,20+,中,4.1,中,"市场空间有限，且面临头部品牌挤压。"
广州市,古茗,10+,低,4.2,中低,"门店数量少，是新品牌拓展的机会市场。"